HeadX,HeadY,HeadZ,HeadRx,HeadRy,HeadRz,HeadRw,LeftX,LeftY,LeftZ,LeftRx,LeftRy,LeftRz,LeftRw,RightX,RightY,RightZ,RightRx,RightRy,RightRz,RightRw,
0.29,1.573,-0.088,0.036,-0.08,-0.039,0.995,0.167,1.235,0.118,-0.126,0.045,0.121,0.984,0.401,1.214,0.119,-0.07,-0.106,-0.079,0.989,
0.29,1.573,-0.088,0.036,-0.08,-0.039,0.995,0.167,1.235,0.118,-0.126,0.046,0.12,0.984,0.401,1.214,0.119,-0.07,-0.106,-0.079,0.989,
0.29,1.573,-0.088,0.035,-0.08,-0.039,0.995,0.167,1.235,0.118,-0.126,0.046,0.12,0.984,0.401,1.214,0.119,-0.07,-0.106,-0.079,0.989,
0.291,1.573,-0.088,0.035,-0.08,-0.038,0.995,0.167,1.235,0.118,-0.127,0.046,0.12,0.984,0.401,1.214,0.119,-0.07,-0.106,-0.079,0.989,
0.291,1.573,-0.088,0.035,-0.08,-0.039,0.995,0.167,1.235,0.118,-0.127,0.046,0.12,0.984,0.401,1.214,0.119,-0.07,-0.106,-0.08,0.989,
0.291,1.573,-0.088,0.034,-0.08,-0.039,0.995,0.167,1.236,0.118,-0.127,0.046,0.12,0.984,0.402,1.214,0.119,-0.07,-0.106,-0.079,0.989,
0.291,1.573,-0.088,0.034,-0.08,-0.039,0.995,0.168,1.236,0.118,-0.127,0.046,0.12,0.984,0.402,1.214,0.119,-0.07,-0.106,-0.079,0.989,
0.291,1.573,-0.088,0.034,-0.08,-0.039,0.995,0.168,1.236,0.118,-0.127,0.046,0.12,0.984,0.402,1.214,0.119,-0.069,-0.105,-0.079,0.989,
0.291,1.573,-0.088,0.034,-0.08,-0.039,0.995,0.168,1.236,0.118,-0.127,0.046,0.12,0.984,0.402,1.215,0.119,-0.069,-0.105,-0.079,0.989,
0.291,1.573,-0.088,0.035,-0.08,-0.039,0.995,0.167,1.236,0.118,-0.128,0.046,0.119,0.983,0.403,1.215,0.119,-0.069,-0.105,-0.079,0.989,
0.291,1.573,-0.088,0.035,-0.08,-0.039,0.995,0.167,1.237,0.118,-0.129,0.045,0.119,0.983,0.403,1.215,0.119,-0.069,-0.105,-0.079,0.989,
0.291,1.573,-0.088,0.035,-0.08,-0.039,0.995,0.166,1.238,0.119,-0.13,0.044,0.118,0.983,0.403,1.215,0.119,-0.068,-0.104,-0.079,0.989,
0.291,1.573,-0.088,0.035,-0.079,-0.039,0.995,0.165,1.238,0.119,-0.131,0.043,0.119,0.983,0.403,1.214,0.119,-0.068,-0.104,-0.079,0.989,
0.291,1.574,-0.088,0.035,-0.079,-0.039,0.996,0.164,1.239,0.119,-0.132,0.042,0.12,0.983,0.403,1.214,0.119,-0.067,-0.104,-0.079,0.989,
0.291,1.574,-0.088,0.035,-0.078,-0.039,0.996,0.163,1.24,0.119,-0.133,0.041,0.122,0.983,0.403,1.215,0.12,-0.067,-0.104,-0.079,0.989,
0.29,1.574,-0.088,0.035,-0.078,-0.039,0.996,0.162,1.241,0.119,-0.134,0.039,0.122,0.983,0.403,1.215,0.12,-0.067,-0.104,-0.078,0.989,
0.289,1.574,-0.088,0.035,-0.078,-0.038,0.996,0.16,1.241,0.12,-0.136,0.038,0.122,0.982,0.403,1.215,0.12,-0.067,-0.105,-0.078,0.989,
0.287,1.575,-0.089,0.034,-0.077,-0.038,0.996,0.159,1.242,0.12,-0.139,0.036,0.121,0.982,0.402,1.215,0.121,-0.066,-0.105,-0.076,0.989,
0.285,1.575,-0.089,0.034,-0.077,-0.038,0.996,0.158,1.243,0.12,-0.141,0.034,0.12,0.982,0.401,1.216,0.122,-0.065,-0.107,-0.074,0.989,
0.283,1.576,-0.09,0.033,-0.077,-0.037,0.996,0.156,1.244,0.12,-0.143,0.032,0.121,0.982,0.399,1.217,0.123,-0.064,-0.11,-0.071,0.989,
0.281,1.577,-0.09,0.032,-0.078,-0.035,0.996,0.154,1.245,0.12,-0.145,0.029,0.123,0.981,0.398,1.218,0.124,-0.064,-0.112,-0.068,0.989,
0.279,1.577,-0.09,0.031,-0.078,-0.033,0.996,0.152,1.245,0.12,-0.147,0.027,0.126,0.981,0.396,1.219,0.125,-0.064,-0.115,-0.065,0.989,
0.276,1.578,-0.091,0.029,-0.079,-0.03,0.996,0.149,1.246,0.12,-0.149,0.025,0.128,0.98,0.394,1.221,0.126,-0.064,-0.117,-0.061,0.989,
0.273,1.578,-0.091,0.027,-0.079,-0.026,0.996,0.147,1.246,0.12,-0.152,0.022,0.132,0.979,0.392,1.223,0.127,-0.067,-0.12,-0.056,0.989,
0.269,1.578,-0.091,0.026,-0.081,-0.022,0.996,0.144,1.246,0.119,-0.154,0.019,0.134,0.979,0.39,1.226,0.128,-0.07,-0.122,-0.051,0.989,
0.265,1.578,-0.092,0.025,-0.082,-0.018,0.996,0.141,1.245,0.119,-0.156,0.015,0.136,0.978,0.388,1.229,0.129,-0.073,-0.125,-0.046,0.988,
0.26,1.578,-0.092,0.024,-0.084,-0.014,0.996,0.138,1.244,0.119,-0.157,0.011,0.139,0.978,0.386,1.232,0.131,-0.076,-0.128,-0.042,0.988,
0.255,1.578,-0.092,0.023,-0.087,-0.009,0.996,0.135,1.242,0.118,-0.157,0.008,0.142,0.977,0.384,1.236,0.132,-0.078,-0.132,-0.038,0.987,
0.25,1.578,-0.092,0.022,-0.091,-0.003,0.996,0.131,1.24,0.118,-0.157,0.004,0.146,0.977,0.381,1.24,0.134,-0.081,-0.135,-0.034,0.987,
0.244,1.577,-0.093,0.022,-0.095,0.005,0.995,0.128,1.237,0.117,-0.157,0.001,0.15,0.976,0.379,1.244,0.135,-0.084,-0.137,-0.03,0.986,
0.238,1.576,-0.093,0.022,-0.1,0.013,0.995,0.124,1.233,0.117,-0.152,-0.001,0.156,0.976,0.376,1.25,0.136,-0.089,-0.142,-0.023,0.986,
0.231,1.575,-0.093,0.023,-0.105,0.019,0.994,0.121,1.228,0.117,-0.147,-0.002,0.164,0.975,0.373,1.255,0.137,-0.095,-0.146,-0.016,0.985,
0.224,1.573,-0.093,0.023,-0.111,0.026,0.993,0.117,1.222,0.117,-0.14,-0.002,0.174,0.975,0.369,1.261,0.137,-0.103,-0.151,-0.008,0.983,
0.217,1.571,-0.094,0.024,-0.117,0.034,0.992,0.113,1.215,0.117,-0.132,-0.001,0.188,0.973,0.366,1.268,0.137,-0.111,-0.157,0.001,0.981,
0.211,1.569,-0.094,0.026,-0.122,0.043,0.991,0.109,1.208,0.118,-0.123,0.001,0.202,0.972,0.362,1.273,0.138,-0.119,-0.161,0.01,0.98,
0.204,1.566,-0.094,0.027,-0.128,0.05,0.99,0.105,1.197,0.119,-0.109,0.003,0.22,0.969,0.358,1.281,0.137,-0.129,-0.166,0.019,0.977,
0.198,1.562,-0.094,0.029,-0.133,0.056,0.989,0.101,1.186,0.12,-0.096,0.004,0.235,0.967,0.355,1.287,0.137,-0.14,-0.17,0.025,0.975,
0.191,1.559,-0.094,0.033,-0.138,0.062,0.988,0.097,1.174,0.121,-0.084,0.003,0.25,0.965,0.352,1.294,0.137,-0.149,-0.172,0.031,0.973,
0.185,1.555,-0.094,0.038,-0.141,0.069,0.987,0.093,1.159,0.123,-0.072,0,0.263,0.962,0.348,1.301,0.137,-0.158,-0.174,0.038,0.971,
0.18,1.55,-0.094,0.041,-0.146,0.075,0.986,0.089,1.144,0.124,-0.06,-0.005,0.275,0.959,0.345,1.309,0.136,-0.169,-0.177,0.045,0.969,
0.174,1.545,-0.094,0.044,-0.151,0.08,0.984,0.085,1.127,0.126,-0.046,-0.011,0.287,0.957,0.341,1.316,0.134,-0.184,-0.178,0.052,0.965,
0.17,1.539,-0.094,0.049,-0.155,0.084,0.983,0.081,1.11,0.128,-0.028,-0.016,0.302,0.953,0.338,1.323,0.132,-0.198,-0.179,0.059,0.962,
0.165,1.533,-0.094,0.056,-0.16,0.085,0.982,0.078,1.087,0.132,0.005,-0.02,0.327,0.945,0.335,1.33,0.129,-0.213,-0.182,0.066,0.958,
0.162,1.527,-0.095,0.063,-0.164,0.085,0.981,0.075,1.064,0.134,0.041,-0.028,0.352,0.935,0.331,1.336,0.126,-0.226,-0.187,0.069,0.953,
0.159,1.522,-0.095,0.071,-0.167,0.085,0.98,0.073,1.041,0.137,0.081,-0.044,0.366,0.926,0.328,1.342,0.123,-0.24,-0.193,0.072,0.949,
0.156,1.517,-0.095,0.078,-0.17,0.087,0.978,0.073,1.017,0.138,0.128,-0.072,0.356,0.923,0.325,1.346,0.12,-0.252,-0.2,0.073,0.944,
0.154,1.511,-0.096,0.085,-0.174,0.089,0.977,0.074,0.995,0.139,0.173,-0.098,0.334,0.922,0.323,1.35,0.117,-0.264,-0.204,0.075,0.94,
0.153,1.507,-0.096,0.092,-0.176,0.089,0.976,0.077,0.976,0.138,0.211,-0.126,0.279,0.928,0.321,1.353,0.113,-0.273,-0.209,0.076,0.936,
0.152,1.502,-0.097,0.098,-0.178,0.088,0.975,0.079,0.961,0.135,0.224,-0.147,0.233,0.935,0.319,1.355,0.11,-0.281,-0.213,0.078,0.933,
0.152,1.498,-0.098,0.103,-0.18,0.087,0.974,0.082,0.952,0.13,0.21,-0.153,0.207,0.943,0.318,1.357,0.107,-0.29,-0.214,0.081,0.929,
0.152,1.495,-0.099,0.107,-0.181,0.086,0.974,0.083,0.945,0.127,0.202,-0.153,0.215,0.943,0.318,1.358,0.104,-0.3,-0.213,0.084,0.926,
0.152,1.494,-0.099,0.109,-0.182,0.084,0.973,0.084,0.942,0.123,0.19,-0.145,0.264,0.935,0.318,1.359,0.1,-0.309,-0.212,0.087,0.923,
0.153,1.492,-0.1,0.109,-0.182,0.083,0.974,0.085,0.938,0.12,0.187,-0.139,0.308,0.922,0.318,1.359,0.098,-0.315,-0.211,0.087,0.921,
0.155,1.491,-0.101,0.109,-0.182,0.08,0.974,0.086,0.936,0.117,0.186,-0.134,0.343,0.911,0.32,1.358,0.096,-0.319,-0.21,0.086,0.92,
0.158,1.491,-0.101,0.109,-0.18,0.076,0.975,0.089,0.937,0.116,0.188,-0.132,0.354,0.906,0.322,1.357,0.095,-0.322,-0.209,0.082,0.92,
0.161,1.493,-0.102,0.108,-0.178,0.073,0.975,0.092,0.938,0.115,0.192,-0.131,0.35,0.907,0.324,1.356,0.094,-0.321,-0.208,0.078,0.92,
0.165,1.495,-0.103,0.106,-0.177,0.069,0.976,0.095,0.944,0.115,0.191,-0.128,0.333,0.914,0.327,1.355,0.094,-0.319,-0.207,0.073,0.922,
0.169,1.497,-0.104,0.103,-0.174,0.063,0.977,0.097,0.952,0.115,0.183,-0.125,0.31,0.925,0.33,1.353,0.095,-0.314,-0.205,0.066,0.925,
0.174,1.5,-0.104,0.101,-0.172,0.056,0.978,0.1,0.961,0.117,0.173,-0.12,0.287,0.934,0.335,1.352,0.096,-0.309,-0.203,0.058,0.927,
0.179,1.504,-0.105,0.099,-0.168,0.048,0.98,0.101,0.972,0.119,0.163,-0.115,0.274,0.941,0.339,1.349,0.099,-0.303,-0.197,0.05,0.931,
0.184,1.508,-0.106,0.096,-0.165,0.039,0.981,0.101,0.984,0.122,0.154,-0.109,0.27,0.944,0.345,1.347,0.102,-0.294,-0.191,0.043,0.936,
0.19,1.513,-0.107,0.092,-0.161,0.03,0.982,0.101,0.997,0.125,0.144,-0.103,0.273,0.945,0.35,1.343,0.107,-0.28,-0.183,0.037,0.942,
0.197,1.518,-0.107,0.086,-0.157,0.022,0.984,0.1,1.011,0.128,0.133,-0.097,0.276,0.947,0.356,1.339,0.112,-0.264,-0.175,0.033,0.948,
0.204,1.522,-0.108,0.081,-0.152,0.014,0.985,0.099,1.026,0.132,0.12,-0.092,0.272,0.95,0.362,1.334,0.116,-0.248,-0.167,0.028,0.954,
0.212,1.527,-0.108,0.076,-0.146,0.004,0.986,0.098,1.043,0.136,0.104,-0.087,0.258,0.956,0.369,1.33,0.119,-0.235,-0.159,0.024,0.959,
0.22,1.531,-0.108,0.071,-0.139,-0.006,0.988,0.098,1.059,0.139,0.087,-0.084,0.238,0.964,0.376,1.326,0.122,-0.227,-0.151,0.019,0.962,
0.229,1.536,-0.108,0.065,-0.132,-0.016,0.989,0.098,1.079,0.143,0.065,-0.081,0.209,0.972,0.385,1.322,0.123,-0.222,-0.142,0.014,0.964,
0.238,1.54,-0.108,0.058,-0.124,-0.027,0.99,0.098,1.097,0.146,0.046,-0.078,0.186,0.978,0.393,1.317,0.125,-0.218,-0.135,0.011,0.967,
0.247,1.543,-0.108,0.053,-0.115,-0.039,0.991,0.098,1.116,0.149,0.026,-0.076,0.166,0.983,0.401,1.311,0.127,-0.21,-0.127,0.006,0.97,
0.257,1.547,-0.108,0.047,-0.105,-0.051,0.992,0.099,1.135,0.152,0.006,-0.073,0.152,0.986,0.409,1.304,0.129,-0.197,-0.119,-0.002,0.973,
0.267,1.549,-0.107,0.042,-0.094,-0.062,0.993,0.1,1.155,0.155,-0.016,-0.068,0.142,0.987,0.418,1.295,0.132,-0.18,-0.112,-0.013,0.977,
0.276,1.552,-0.107,0.037,-0.082,-0.075,0.993,0.101,1.173,0.157,-0.036,-0.064,0.131,0.989,0.425,1.286,0.135,-0.164,-0.103,-0.022,0.981,
0.286,1.554,-0.107,0.033,-0.069,-0.089,0.993,0.104,1.192,0.158,-0.06,-0.061,0.12,0.989,0.433,1.274,0.137,-0.144,-0.096,-0.034,0.984,
0.296,1.556,-0.107,0.03,-0.057,-0.102,0.993,0.107,1.211,0.159,-0.082,-0.06,0.106,0.989,0.44,1.263,0.139,-0.123,-0.09,-0.048,0.987,
0.306,1.557,-0.106,0.025,-0.045,-0.113,0.992,0.111,1.229,0.159,-0.105,-0.058,0.09,0.989,0.447,1.251,0.14,-0.104,-0.084,-0.068,0.989,
0.315,1.557,-0.106,0.02,-0.034,-0.124,0.992,0.115,1.246,0.159,-0.126,-0.054,0.075,0.988,0.455,1.239,0.141,-0.088,-0.076,-0.086,0.989,
0.325,1.557,-0.107,0.018,-0.022,-0.136,0.99,0.121,1.263,0.157,-0.148,-0.048,0.06,0.986,0.462,1.225,0.141,-0.073,-0.066,-0.104,0.99,
0.334,1.557,-0.107,0.017,-0.011,-0.149,0.989,0.126,1.28,0.155,-0.171,-0.044,0.041,0.983,0.469,1.212,0.142,-0.058,-0.055,-0.12,0.99,
0.342,1.556,-0.107,0.016,0,-0.158,0.987,0.134,1.296,0.152,-0.197,-0.043,0.017,0.979,0.475,1.196,0.141,-0.041,-0.042,-0.136,0.989,
0.351,1.554,-0.107,0.016,0.01,-0.166,0.986,0.14,1.311,0.148,-0.225,-0.043,-0.005,0.973,0.481,1.18,0.141,-0.02,-0.03,-0.153,0.988,
0.359,1.552,-0.108,0.016,0.02,-0.173,0.985,0.148,1.326,0.142,-0.258,-0.042,-0.021,0.965,0.486,1.163,0.141,0.007,-0.017,-0.169,0.985,
0.366,1.549,-0.108,0.018,0.03,-0.18,0.983,0.155,1.34,0.137,-0.289,-0.039,-0.032,0.956,0.49,1.145,0.139,0.036,-0.006,-0.183,0.982,
0.373,1.546,-0.108,0.022,0.041,-0.19,0.981,0.162,1.352,0.129,-0.325,-0.038,-0.041,0.944,0.493,1.127,0.138,0.062,0.006,-0.192,0.979,
0.379,1.543,-0.109,0.026,0.051,-0.199,0.978,0.17,1.363,0.122,-0.361,-0.036,-0.054,0.93,0.496,1.11,0.135,0.087,0.016,-0.202,0.975,
0.384,1.54,-0.109,0.029,0.062,-0.206,0.976,0.179,1.373,0.114,-0.395,-0.031,-0.071,0.915,0.499,1.093,0.133,0.111,0.028,-0.214,0.97,
0.389,1.537,-0.109,0.034,0.073,-0.208,0.975,0.19,1.378,0.106,-0.425,-0.022,-0.092,0.9,0.501,1.077,0.129,0.132,0.041,-0.225,0.964,
0.393,1.533,-0.11,0.04,0.081,-0.209,0.974,0.2,1.382,0.099,-0.451,-0.007,-0.111,0.886,0.502,1.062,0.125,0.152,0.058,-0.233,0.959,
0.396,1.53,-0.11,0.046,0.09,-0.213,0.972,0.21,1.386,0.092,-0.476,0.009,-0.126,0.87,0.503,1.049,0.121,0.169,0.076,-0.239,0.953,
0.398,1.527,-0.111,0.052,0.097,-0.215,0.97,0.219,1.386,0.086,-0.499,0.026,-0.139,0.855,0.504,1.039,0.117,0.185,0.092,-0.243,0.948,
0.4,1.525,-0.111,0.058,0.103,-0.216,0.969,0.227,1.387,0.08,-0.521,0.043,-0.15,0.839,0.505,1.029,0.114,0.199,0.105,-0.247,0.943,
0.401,1.524,-0.112,0.062,0.109,-0.215,0.969,0.233,1.384,0.075,-0.535,0.059,-0.157,0.828,0.504,1.027,0.11,0.202,0.11,-0.251,0.94,
0.403,1.524,-0.112,0.064,0.114,-0.212,0.968,0.238,1.381,0.072,-0.545,0.068,-0.164,0.819,0.504,1.025,0.108,0.203,0.112,-0.255,0.939,
0.404,1.523,-0.113,-0.065,-0.121,0.208,-0.968,0.241,1.379,0.07,-0.55,0.071,-0.167,0.815,0.502,1.03,0.106,0.193,0.105,-0.255,0.942,
0.404,1.524,-0.113,-0.066,-0.127,0.204,-0.968,0.244,1.376,0.07,-0.547,0.071,-0.166,0.818,0.502,1.036,0.105,0.182,0.1,-0.255,0.945,
0.403,1.524,-0.113,-0.068,-0.133,0.198,-0.969,0.245,1.374,0.071,-0.536,0.067,-0.164,0.826,0.502,1.045,0.105,0.169,0.095,-0.253,0.948,
0.4,1.526,-0.114,-0.07,-0.137,0.191,-0.969,0.245,1.372,0.074,-0.52,0.064,-0.156,0.837,0.502,1.056,0.105,0.155,0.091,-0.247,0.952,
0.398,1.528,-0.115,-0.073,-0.14,0.185,-0.97,0.245,1.37,0.076,-0.507,0.064,-0.145,0.847,0.502,1.066,0.107,0.143,0.087,-0.24,0.956,
0.395,1.53,-0.115,-0.073,-0.143,0.178,-0.971,0.243,1.368,0.078,-0.493,0.069,-0.125,0.858,0.502,1.079,0.109,0.13,0.08,-0.229,0.961,
0.392,1.533,-0.115,-0.073,-0.146,0.168,-0.972,0.24,1.365,0.081,-0.481,0.08,-0.106,0.866,0.502,1.094,0.111,0.114,0.07,-0.215,0.967,
0.389,1.536,-0.116,-0.072,-0.148,0.157,-0.974,0.238,1.362,0.083,-0.471,0.089,-0.092,0.873,0.502,1.107,0.113,0.099,0.063,-0.201,0.972,
0.385,1.54,-0.115,-0.069,-0.149,0.143,-0.976,0.234,1.357,0.085,-0.463,0.093,-0.083,0.878,0.502,1.122,0.115,0.082,0.058,-0.182,0.978,
0.381,1.543,-0.115,-0.064,-0.15,0.13,-0.978,0.231,1.353,0.087,-0.456,0.092,-0.08,0.882,0.502,1.136,0.117,0.066,0.054,-0.164,0.983,
0.376,1.546,-0.113,-0.059,-0.15,0.117,-0.98,0.225,1.348,0.092,-0.447,0.081,-0.087,0.887,0.503,1.153,0.119,0.045,0.051,-0.143,0.987,
0.371,1.549,-0.112,-0.054,-0.15,0.101,-0.982,0.221,1.342,0.095,-0.438,0.074,-0.088,0.892,0.503,1.168,0.121,0.027,0.049,-0.128,0.99,
0.365,1.551,-0.11,-0.051,-0.148,0.082,-0.984,0.215,1.336,0.1,-0.423,0.066,-0.084,0.9,0.503,1.183,0.122,0.008,0.047,-0.116,0.992,
0.359,1.553,-0.109,-0.048,-0.145,0.065,-0.986,0.21,1.329,0.104,-0.406,0.064,-0.073,0.909,0.503,1.197,0.122,-0.01,0.047,-0.103,0.993,
0.353,1.554,-0.107,-0.045,-0.143,0.049,-0.988,0.203,1.32,0.109,-0.384,0.065,-0.054,0.92,0.502,1.211,0.123,-0.028,0.05,-0.083,0.995,
0.347,1.555,-0.105,-0.044,-0.141,0.032,-0.988,0.196,1.31,0.115,-0.359,0.068,-0.03,0.93,0.499,1.224,0.122,-0.048,0.054,-0.056,0.996,
0.341,1.555,-0.102,-0.044,-0.14,0.012,-0.989,0.189,1.299,0.121,-0.332,0.07,-0.005,0.941,0.496,1.237,0.122,-0.068,0.056,-0.031,0.996,
0.335,1.555,-0.1,-0.046,-0.139,-0.006,-0.989,0.182,1.285,0.128,-0.3,0.072,0.028,0.951,0.491,1.249,0.12,-0.091,0.057,-0.001,0.994,
0.328,1.554,-0.097,-0.047,-0.137,-0.024,-0.989,0.174,1.269,0.136,-0.268,0.071,0.065,0.959,0.486,1.261,0.118,-0.112,0.054,0.023,0.992,
0.321,1.552,-0.093,-0.049,-0.135,-0.042,-0.989,0.167,1.252,0.143,-0.231,0.071,0.11,0.964,0.481,1.272,0.116,-0.133,0.048,0.043,0.989,
0.315,1.549,-0.09,-0.049,-0.13,-0.057,-0.989,0.158,1.232,0.152,-0.183,0.071,0.164,0.967,0.475,1.281,0.113,-0.153,0.04,0.057,0.986,
0.309,1.545,-0.086,-0.049,-0.125,-0.07,-0.988,0.15,1.21,0.162,-0.124,0.067,0.223,0.965,0.468,1.29,0.11,-0.171,0.029,0.067,0.983,
0.304,1.541,-0.083,-0.052,-0.12,-0.084,-0.988,0.142,1.185,0.172,-0.053,0.055,0.28,0.957,0.462,1.298,0.106,-0.187,0.018,0.078,0.979,
0.3,1.536,-0.08,-0.057,-0.115,-0.097,-0.987,0.135,1.158,0.182,0.026,0.031,0.329,0.943,0.454,1.304,0.103,-0.203,0.005,0.091,0.975,
0.297,1.53,-0.078,-0.066,-0.111,-0.105,-0.986,0.13,1.127,0.191,0.106,-0.001,0.364,0.925,0.447,1.309,0.099,-0.22,-0.008,0.105,0.97,
0.293,1.526,-0.075,-0.077,-0.106,-0.109,-0.985,0.128,1.096,0.196,0.18,-0.038,0.379,0.907,0.44,1.313,0.094,-0.239,-0.018,0.121,0.963,
0.29,1.523,-0.073,-0.089,-0.1,-0.111,-0.985,0.129,1.066,0.198,0.237,-0.081,0.358,0.899,0.433,1.316,0.09,-0.259,-0.025,0.137,0.956,
0.287,1.52,-0.071,-0.096,-0.094,-0.109,-0.985,0.132,1.041,0.196,0.273,-0.127,0.298,0.906,0.427,1.317,0.086,-0.274,-0.032,0.152,0.949,
0.286,1.52,-0.069,-0.1,-0.09,-0.101,-0.986,0.138,1.022,0.193,0.296,-0.152,0.212,0.919,0.422,1.318,0.082,-0.286,-0.039,0.164,0.943,
0.285,1.52,-0.067,-0.103,-0.087,-0.095,-0.986,0.149,1.015,0.188,0.29,-0.139,0.133,0.938,0.418,1.316,0.08,-0.293,-0.043,0.17,0.94,
0.284,1.521,-0.065,-0.105,-0.085,-0.094,-0.986,0.155,1.017,0.185,0.259,-0.116,0.143,0.948,0.415,1.315,0.078,-0.3,-0.04,0.175,0.937,
0.285,1.523,-0.064,-0.106,-0.084,-0.092,-0.986,0.159,1.025,0.182,0.216,-0.076,0.239,0.944,0.414,1.311,0.078,-0.298,-0.031,0.173,0.938,
0.285,1.525,-0.063,-0.105,-0.087,-0.085,-0.987,0.163,1.035,0.18,0.199,-0.041,0.334,0.92,0.414,1.308,0.079,-0.293,-0.023,0.171,0.941,
0.286,1.529,-0.062,0.103,0.091,0.074,0.988,0.169,1.045,0.18,0.209,-0.026,0.363,0.908,0.414,1.303,0.082,-0.28,-0.017,0.164,0.946,
0.288,1.533,-0.061,0.101,0.096,0.063,0.988,0.176,1.061,0.182,0.216,-0.016,0.329,0.919,0.415,1.297,0.086,-0.266,-0.015,0.155,0.951,
0.289,1.538,-0.061,0.098,0.102,0.054,0.988,0.184,1.084,0.185,0.192,0.001,0.269,0.944,0.416,1.289,0.09,-0.25,-0.015,0.149,0.957,
0.291,1.542,-0.061,-0.091,-0.109,-0.048,-0.989,0.19,1.11,0.189,0.142,0.028,0.226,0.963,0.418,1.28,0.096,-0.23,-0.014,0.143,0.962,
0.294,1.547,-0.061,-0.085,-0.116,-0.041,-0.989,0.194,1.137,0.193,0.087,0.056,0.203,0.974,0.421,1.27,0.103,-0.203,-0.014,0.132,0.97,
0.296,1.552,-0.062,-0.078,-0.123,-0.032,-0.989,0.197,1.165,0.196,0.034,0.079,0.189,0.978,0.426,1.258,0.111,-0.17,-0.017,0.108,0.979,
0.3,1.556,-0.062,-0.068,-0.13,-0.025,-0.989,0.198,1.191,0.199,-0.013,0.097,0.174,0.98,0.431,1.245,0.119,-0.13,-0.022,0.069,0.989,
0.303,1.56,-0.063,-0.057,-0.138,-0.018,-0.989,0.199,1.216,0.202,-0.052,0.11,0.156,0.98,0.436,1.231,0.126,-0.087,-0.026,0.025,0.996,
0.308,1.563,-0.065,-0.047,-0.149,-0.007,-0.988,0.199,1.239,0.203,-0.088,0.116,0.141,0.979,0.443,1.214,0.133,-0.039,-0.028,-0.035,0.998,
0.313,1.565,-0.067,-0.038,-0.162,0.006,-0.986,0.198,1.261,0.205,-0.121,0.116,0.129,0.977,0.449,1.198,0.138,0.002,-0.022,-0.086,0.996,
0.319,1.568,-0.069,-0.028,-0.177,0.019,-0.984,0.197,1.282,0.205,-0.156,0.111,0.12,0.974,0.455,1.181,0.142,0.04,-0.005,-0.119,0.992,
0.324,1.57,-0.071,-0.02,-0.194,0.033,-0.98,0.196,1.303,0.205,-0.192,0.108,0.112,0.969,0.46,1.163,0.144,0.068,0.022,-0.124,0.99,
0.33,1.572,-0.073,-0.011,-0.212,0.043,-0.976,0.196,1.321,0.203,-0.229,0.109,0.106,0.961,0.463,1.147,0.144,0.09,0.042,-0.121,0.988,
0.335,1.573,-0.076,-0.002,-0.231,0.05,-0.972,0.196,1.338,0.201,-0.264,0.113,0.097,0.953,0.466,1.131,0.143,0.11,0.067,-0.106,0.986,
0.341,1.572,-0.078,0.006,-0.25,0.06,-0.966,0.198,1.352,0.198,-0.296,0.115,0.084,0.945,0.468,1.117,0.141,0.124,0.091,-0.08,0.985,
0.347,1.572,-0.081,0.011,-0.271,0.072,-0.96,0.199,1.364,0.195,-0.326,0.111,0.069,0.936,0.469,1.104,0.138,0.138,0.107,-0.059,0.983,
0.353,1.571,-0.084,0.017,-0.292,0.084,-0.952,0.201,1.375,0.192,-0.355,0.104,0.053,0.928,0.469,1.093,0.135,0.152,0.117,-0.051,0.98,
0.359,1.57,-0.087,0.021,-0.313,0.094,-0.945,0.204,1.383,0.188,-0.381,0.097,0.039,0.919,0.469,1.083,0.131,0.165,0.115,-0.061,0.978,
0.364,1.568,-0.09,0.025,-0.335,0.101,-0.937,0.206,1.389,0.185,-0.406,0.09,0.031,0.909,0.469,1.076,0.126,0.177,0.107,-0.092,0.974,
0.37,1.565,-0.093,0.028,-0.355,0.111,-0.928,0.208,1.395,0.181,-0.433,0.084,0.029,0.897,0.47,1.069,0.122,0.188,0.101,-0.127,0.969,
0.374,1.561,-0.096,0.03,-0.376,0.124,-0.918,0.212,1.397,0.177,-0.459,0.079,0.03,0.885,0.47,1.067,0.117,0.184,0.09,-0.192,0.96,
0.379,1.557,-0.099,0.03,-0.397,0.136,-0.907,0.216,1.398,0.173,-0.48,0.078,0.029,0.873,0.472,1.064,0.112,0.181,0.095,-0.226,0.952,
0.383,1.553,-0.103,0.027,-0.418,0.141,-0.897,0.221,1.396,0.17,-0.499,0.075,0.026,0.863,0.473,1.061,0.107,0.177,0.11,-0.23,0.951,
0.386,1.548,-0.106,0.021,-0.437,0.141,-0.888,0.227,1.393,0.167,-0.516,0.066,0.016,0.854,0.473,1.061,0.101,0.17,0.128,-0.204,0.955,
0.389,1.543,-0.109,0.016,-0.455,0.143,-0.879,0.234,1.388,0.166,-0.526,0.054,0.002,0.849,0.474,1.06,0.096,0.165,0.14,-0.182,0.959,
0.391,1.537,-0.111,0.014,-0.471,0.154,-0.869,0.242,1.381,0.166,-0.538,0.046,-0.01,0.842,0.474,1.063,0.091,0.152,0.147,-0.154,0.965,
0.393,1.532,-0.114,0.009,-0.486,0.162,-0.859,0.25,1.374,0.165,-0.549,0.039,-0.024,0.834,0.475,1.064,0.087,0.14,0.152,-0.148,0.967,
0.395,1.529,-0.118,0.001,-0.499,0.164,-0.851,0.261,1.364,0.166,-0.555,0.037,-0.039,0.83,0.478,1.067,0.082,0.126,0.157,-0.152,0.968,
0.396,1.526,-0.121,-0.005,-0.513,0.162,-0.843,0.271,1.353,0.168,-0.555,0.044,-0.05,0.829,0.481,1.07,0.077,0.114,0.163,-0.163,0.966,
0.396,1.524,-0.124,-0.008,-0.526,0.159,-0.836,0.285,1.34,0.173,-0.54,0.07,-0.052,0.837,0.486,1.072,0.072,0.104,0.173,-0.174,0.964,
0.397,1.523,-0.127,-0.007,-0.539,0.16,-0.827,0.298,1.328,0.178,-0.519,0.106,-0.049,0.847,0.491,1.075,0.066,0.096,0.19,-0.178,0.961,
0.397,1.524,-0.129,-0.004,-0.551,0.161,-0.819,0.311,1.316,0.184,-0.489,0.151,-0.041,0.858,0.496,1.077,0.061,0.09,0.209,-0.173,0.958,
0.396,1.525,-0.132,-0.004,-0.563,0.157,-0.812,0.327,1.303,0.192,-0.439,0.205,-0.025,0.874,0.502,1.081,0.055,0.087,0.237,-0.148,0.956,
0.396,1.526,-0.134,-0.003,-0.573,0.15,-0.805,0.343,1.291,0.2,-0.376,0.246,-0.018,0.893,0.506,1.085,0.05,0.085,0.256,-0.123,0.955,
0.395,1.527,-0.135,-0.001,-0.583,0.141,-0.8,0.358,1.281,0.207,-0.318,0.27,-0.015,0.909,0.51,1.09,0.044,0.081,0.268,-0.104,0.954,
0.394,1.529,-0.136,-0.001,-0.59,0.134,-0.796,0.371,1.272,0.212,-0.268,0.28,-0.007,0.922,0.515,1.096,0.038,0.076,0.275,-0.095,0.954,
0.393,1.532,-0.137,0.001,-0.597,0.131,-0.792,0.382,1.267,0.213,-0.245,0.282,0.009,0.928,0.52,1.104,0.031,0.066,0.281,-0.091,0.953,
0.393,1.535,-0.137,0.004,-0.602,0.126,-0.788,0.391,1.264,0.211,-0.24,0.283,0.02,0.928,0.525,1.113,0.025,0.055,0.291,-0.085,0.951,
0.393,1.539,-0.137,0.008,-0.607,0.119,-0.786,0.402,1.261,0.209,-0.233,0.295,0.02,0.927,0.53,1.122,0.018,0.043,0.301,-0.075,0.95,
0.393,1.542,-0.137,0.012,-0.611,0.111,-0.784,0.415,1.261,0.206,-0.228,0.313,0.007,0.922,0.536,1.132,0.012,0.033,0.311,-0.06,0.948,
0.392,1.545,-0.136,0.014,-0.613,0.104,-0.783,0.427,1.262,0.2,-0.235,0.33,-0.01,0.914,0.542,1.142,0.006,0.026,0.323,-0.042,0.945,
0.391,1.547,-0.134,0.016,-0.616,0.098,-0.782,0.437,1.265,0.193,-0.258,0.342,-0.019,0.903,0.548,1.152,0.001,0.02,0.337,-0.022,0.941,
0.391,1.55,-0.132,0.017,-0.616,0.093,-0.782,0.445,1.271,0.185,-0.286,0.349,-0.016,0.892,0.554,1.163,-0.004,0.011,0.35,-0.007,0.937,
0.391,1.553,-0.13,0.019,-0.616,0.087,-0.783,0.453,1.275,0.179,-0.305,0.357,-0.01,0.883,0.56,1.173,-0.01,0.001,0.362,0.004,0.932,
0.392,1.556,-0.127,0.022,-0.615,0.081,-0.784,0.46,1.283,0.171,-0.328,0.367,0.005,0.871,0.567,1.184,-0.015,-0.013,0.374,0.012,0.927,
0.392,1.557,-0.124,0.022,-0.614,0.073,-0.786,0.467,1.29,0.165,-0.339,0.381,0.017,0.86,0.573,1.194,-0.02,-0.027,0.386,0.023,0.922,
0.392,1.559,-0.121,0.02,-0.612,0.065,-0.788,0.474,1.295,0.159,-0.348,0.396,0.027,0.849,0.579,1.204,-0.024,-0.041,0.398,0.038,0.916,
0.393,1.56,-0.117,0.018,-0.61,0.057,-0.79,0.481,1.3,0.155,-0.358,0.408,0.037,0.839,0.584,1.212,-0.028,-0.054,0.41,0.053,0.909,
0.394,1.56,-0.113,0.016,-0.606,0.051,-0.793,0.487,1.304,0.151,-0.371,0.412,0.044,0.831,0.589,1.219,-0.031,-0.063,0.418,0.064,0.904,
0.396,1.56,-0.109,0.014,-0.603,0.044,-0.796,0.493,1.308,0.147,-0.39,0.405,0.049,0.826,0.595,1.225,-0.034,-0.071,0.425,0.07,0.9,
0.397,1.56,-0.104,0.009,-0.598,0.038,-0.8,0.5,1.31,0.144,-0.409,0.396,0.052,0.821,0.6,1.229,-0.036,-0.078,0.43,0.075,0.897,
0.399,1.559,-0.099,0.003,-0.593,0.031,-0.805,0.506,1.311,0.142,-0.427,0.387,0.051,0.816,0.605,1.231,-0.037,-0.082,0.432,0.077,0.895,
0.402,1.557,-0.094,-0.003,-0.587,0.025,-0.809,0.514,1.311,0.14,-0.441,0.385,0.049,0.809,0.61,1.232,-0.038,-0.086,0.435,0.082,0.892,
0.404,1.555,-0.088,-0.009,-0.58,0.02,-0.814,0.523,1.309,0.14,-0.448,0.383,0.039,0.807,0.615,1.229,-0.036,-0.086,0.436,0.085,0.892,
0.408,1.553,-0.083,-0.016,-0.573,0.015,-0.819,0.533,1.307,0.141,-0.449,0.374,0.025,0.811,0.621,1.227,-0.034,-0.084,0.436,0.085,0.892,
0.411,1.549,-0.078,-0.024,-0.565,0.011,-0.824,0.545,1.303,0.145,-0.431,0.365,0.009,0.825,0.627,1.223,-0.032,-0.079,0.431,0.076,0.896,
0.415,1.546,-0.073,-0.033,-0.556,0.007,-0.83,0.559,1.3,0.152,-0.39,0.371,0.003,0.843,0.633,1.216,-0.028,-0.068,0.417,0.048,0.905,
0.419,1.543,-0.069,-0.041,-0.546,0.004,-0.837,0.572,1.297,0.158,-0.354,0.387,0.009,0.851,0.64,1.208,-0.024,-0.058,0.401,0.013,0.914,
0.422,1.539,-0.065,-0.045,-0.535,0.005,-0.844,0.583,1.296,0.164,-0.321,0.42,0.028,0.849,0.648,1.2,-0.021,-0.047,0.386,-0.027,0.921,
0.425,1.537,-0.063,-0.049,-0.524,0.012,-0.85,0.592,1.299,0.168,-0.3,0.448,0.054,0.84,0.654,1.193,-0.018,-0.039,0.375,-0.062,0.924,
0.428,1.537,-0.062,-0.052,-0.516,0.02,-0.855,0.599,1.304,0.172,-0.296,0.455,0.066,0.837,0.661,1.187,-0.016,-0.038,0.373,-0.083,0.923,
0.432,1.539,-0.061,-0.05,-0.51,0.022,-0.859,0.603,1.312,0.175,-0.323,0.428,0.053,0.842,0.666,1.182,-0.014,-0.041,0.379,-0.087,0.92,
0.437,1.54,-0.059,-0.042,-0.503,0.014,-0.863,0.607,1.32,0.178,-0.349,0.403,0.038,0.845,0.672,1.178,-0.012,-0.044,0.384,-0.086,0.918,
0.441,1.54,-0.058,-0.033,-0.496,0.006,-0.867,0.608,1.332,0.178,-0.393,0.372,0.026,0.84,0.677,1.176,-0.009,-0.046,0.386,-0.081,0.918,
0.447,1.54,-0.058,-0.024,-0.49,0.001,-0.871,0.608,1.345,0.179,-0.418,0.365,0.037,0.831,0.683,1.174,-0.005,-0.049,0.382,-0.083,0.919,
0.451,1.54,-0.057,-0.018,-0.485,0.002,-0.874,0.61,1.358,0.18,-0.429,0.367,0.053,0.824,0.689,1.175,-0.001,-0.055,0.375,-0.09,0.921,
0.457,1.542,-0.057,-0.015,-0.481,0.005,-0.877,0.613,1.371,0.183,-0.433,0.371,0.069,0.819,0.695,1.176,0.005,-0.066,0.365,-0.104,0.923,
0.463,1.545,-0.057,-0.014,-0.477,0.006,-0.879,0.617,1.385,0.187,-0.436,0.37,0.079,0.817,0.703,1.179,0.011,-0.082,0.353,-0.125,0.923,
0.468,1.548,-0.057,-0.011,-0.474,0.006,-0.881,0.622,1.398,0.191,-0.442,0.362,0.08,0.817,0.711,1.182,0.017,-0.096,0.344,-0.149,0.922,
0.474,1.552,-0.057,-0.01,-0.47,0.005,-0.883,0.628,1.412,0.196,-0.451,0.346,0.072,0.819,0.72,1.184,0.024,-0.107,0.338,-0.17,0.919,
0.48,1.555,-0.058,-0.012,-0.466,0.006,-0.885,0.635,1.426,0.2,-0.462,0.326,0.058,0.823,0.728,1.187,0.031,-0.113,0.339,-0.18,0.917,
0.485,1.559,-0.058,-0.012,-0.461,0.005,-0.888,0.642,1.44,0.204,-0.468,0.311,0.045,0.826,0.736,1.19,0.039,-0.117,0.338,-0.182,0.916,
0.491,1.563,-0.059,-0.011,-0.455,0.005,-0.89,0.65,1.453,0.208,-0.468,0.304,0.031,0.829,0.743,1.193,0.048,-0.12,0.332,-0.186,0.917,
0.496,1.566,-0.06,-0.01,-0.45,0.005,-0.893,0.658,1.466,0.211,-0.465,0.304,0.017,0.832,0.75,1.195,0.056,-0.123,0.316,-0.198,0.92,
0.502,1.568,-0.061,-0.009,-0.444,0.004,-0.896,0.666,1.477,0.215,-0.46,0.308,0.005,0.833,0.757,1.198,0.065,-0.127,0.296,-0.218,0.922,
0.507,1.57,-0.062,-0.006,-0.44,0.004,-0.898,0.674,1.488,0.218,-0.455,0.315,-0.004,0.833,0.764,1.2,0.073,-0.134,0.271,-0.245,0.921,
0.513,1.572,-0.064,-0.001,-0.435,0.005,-0.9,0.681,1.498,0.221,-0.454,0.32,-0.008,0.831,0.772,1.202,0.08,-0.144,0.26,-0.26,0.919,
0.518,1.572,-0.064,0.003,-0.431,0.005,-0.902,0.687,1.505,0.224,-0.453,0.328,-0.006,0.829,0.78,1.204,0.087,-0.149,0.269,-0.248,0.919,
0.524,1.572,-0.065,0.006,-0.428,0.005,-0.904,0.694,1.511,0.227,-0.449,0.339,-0.004,0.827,0.786,1.205,0.095,-0.151,0.28,-0.221,0.922,
0.529,1.571,-0.066,0.007,-0.424,0.004,-0.905,0.7,1.514,0.23,-0.439,0.351,0.002,0.827,0.792,1.206,0.104,-0.155,0.283,-0.2,0.925,
0.535,1.57,-0.067,0.008,-0.421,0.004,-0.907,0.704,1.515,0.234,-0.43,0.357,0.008,0.829,0.798,1.208,0.112,-0.173,0.266,-0.198,0.927,
0.541,1.568,-0.067,0.008,-0.417,0.004,-0.909,0.708,1.513,0.236,-0.422,0.36,0.009,0.832,0.803,1.21,0.12,-0.198,0.231,-0.212,0.929,
0.547,1.566,-0.068,0.007,-0.413,0.004,-0.911,0.711,1.51,0.238,-0.417,0.362,0.003,0.834,0.809,1.212,0.129,-0.212,0.202,-0.223,0.93,
0.553,1.564,-0.068,0.006,-0.409,0.004,-0.912,0.714,1.503,0.239,-0.412,0.36,-0.01,0.837,0.817,1.214,0.138,-0.216,0.192,-0.226,0.93,
0.559,1.561,-0.068,0.005,-0.405,0.005,-0.914,0.715,1.491,0.238,-0.409,0.351,-0.032,0.842,0.826,1.216,0.148,-0.22,0.196,-0.224,0.929,
0.565,1.557,-0.068,0.003,-0.401,0.006,-0.916,0.715,1.48,0.237,-0.41,0.342,-0.05,0.844,0.835,1.22,0.157,-0.228,0.206,-0.218,0.926,
0.57,1.554,-0.068,0.002,-0.397,0.006,-0.918,0.713,1.466,0.235,-0.416,0.337,-0.061,0.842,0.844,1.226,0.165,-0.244,0.208,-0.21,0.924,
0.576,1.551,-0.067,0.003,-0.392,0.005,-0.92,0.709,1.45,0.231,-0.419,0.342,-0.063,0.839,0.852,1.235,0.174,-0.273,0.191,-0.205,0.92,
0.582,1.548,-0.066,0.004,-0.386,0.006,-0.922,0.705,1.434,0.228,-0.412,0.355,-0.059,0.837,0.861,1.246,0.185,-0.294,0.17,-0.205,0.918,
0.587,1.546,-0.066,0.002,-0.382,0.007,-0.924,0.701,1.417,0.226,-0.392,0.377,-0.053,0.837,0.871,1.258,0.197,-0.306,0.148,-0.212,0.916,
0.591,1.546,-0.066,-0.001,-0.38,0.008,-0.925,0.697,1.4,0.225,-0.364,0.404,-0.048,0.838,0.882,1.272,0.208,-0.312,0.134,-0.22,0.915,
0.596,1.546,-0.066,-0.002,-0.378,0.008,-0.926,0.693,1.384,0.224,-0.34,0.423,-0.048,0.838,0.893,1.286,0.216,-0.325,0.142,-0.215,0.91,
0.6,1.547,-0.065,-0.005,-0.375,0.006,-0.927,0.689,1.369,0.222,-0.328,0.431,-0.055,0.839,0.902,1.301,0.222,-0.344,0.155,-0.206,0.903,
0.604,1.549,-0.063,-0.005,-0.373,0.005,-0.928,0.684,1.356,0.221,-0.332,0.423,-0.068,0.84,0.909,1.315,0.228,-0.358,0.156,-0.203,0.898,
0.609,1.552,-0.062,-0.001,-0.37,0.005,-0.929,0.679,1.345,0.219,-0.342,0.406,-0.08,0.844,0.914,1.329,0.232,-0.369,0.143,-0.211,0.894,
0.613,1.554,-0.06,0.005,-0.368,0.005,-0.93,0.673,1.335,0.218,-0.347,0.394,-0.088,0.847,0.917,1.341,0.235,-0.381,0.121,-0.226,0.888,
0.616,1.555,-0.058,0.006,-0.365,0.006,-0.931,0.667,1.326,0.217,-0.342,0.394,-0.094,0.848,0.92,1.351,0.239,-0.395,0.093,-0.242,0.881,
0.619,1.558,-0.057,0.005,-0.363,0.007,-0.932,0.661,1.318,0.217,-0.326,0.401,-0.095,0.851,0.921,1.36,0.243,-0.404,0.072,-0.246,0.878,
0.622,1.56,-0.055,0.004,-0.36,0.01,-0.933,0.655,1.31,0.216,-0.305,0.408,-0.092,0.856,0.923,1.369,0.248,-0.411,0.061,-0.243,0.877,
0.624,1.563,-0.053,0.005,-0.359,0.013,-0.933,0.649,1.305,0.216,-0.284,0.413,-0.087,0.861,0.922,1.373,0.252,-0.411,0.065,-0.227,0.881,
0.626,1.566,-0.051,0.007,-0.357,0.013,-0.934,0.643,1.299,0.215,-0.272,0.411,-0.087,0.866,0.923,1.378,0.258,-0.412,0.067,-0.217,0.882,
0.628,1.568,-0.049,0.009,-0.356,0.012,-0.934,0.636,1.294,0.214,-0.267,0.408,-0.091,0.868,0.924,1.38,0.264,-0.405,0.069,-0.211,0.887,
0.63,1.569,-0.047,0.011,-0.354,0.011,-0.935,0.63,1.29,0.213,-0.268,0.401,-0.096,0.871,0.926,1.381,0.27,-0.399,0.064,-0.213,0.89,
0.632,1.57,-0.045,0.015,-0.352,0.012,-0.936,0.623,1.286,0.213,-0.265,0.393,-0.098,0.875,0.927,1.382,0.276,-0.398,0.056,-0.215,0.89,
0.633,1.571,-0.043,0.019,-0.35,0.013,-0.937,0.617,1.282,0.214,-0.257,0.381,-0.097,0.883,0.928,1.384,0.284,-0.398,0.041,-0.216,0.891,
0.635,1.571,-0.04,0.023,-0.347,0.011,-0.938,0.612,1.278,0.215,-0.242,0.371,-0.095,0.891,0.931,1.385,0.292,-0.394,0.028,-0.218,0.892,
0.637,1.571,-0.037,0.027,-0.342,0.007,-0.939,0.607,1.273,0.217,-0.225,0.36,-0.091,0.901,0.935,1.388,0.302,-0.391,0.025,-0.222,0.893,
0.639,1.569,-0.035,0.03,-0.338,0.004,-0.941,0.602,1.268,0.217,-0.213,0.351,-0.088,0.908,0.94,1.391,0.313,-0.39,0.028,-0.228,0.892,
0.641,1.567,-0.032,0.032,-0.334,0.004,-0.942,0.598,1.263,0.217,-0.207,0.345,-0.085,0.911,0.948,1.398,0.325,-0.393,0.03,-0.236,0.888,
0.643,1.565,-0.03,0.031,-0.331,0.006,-0.943,0.595,1.258,0.216,-0.204,0.343,-0.086,0.913,0.957,1.408,0.338,-0.394,0.025,-0.238,0.888,
0.645,1.565,-0.027,0.03,-0.33,0.008,-0.944,0.592,1.253,0.216,-0.203,0.34,-0.089,0.914,0.965,1.419,0.35,-0.396,0.026,-0.235,0.888,
0.647,1.564,-0.024,0.032,-0.328,0.006,-0.944,0.589,1.249,0.216,-0.207,0.332,-0.092,0.916,0.978,1.434,0.361,-0.401,0.046,-0.222,0.887,
0.649,1.562,-0.02,0.033,-0.325,0.002,-0.945,0.587,1.245,0.217,-0.209,0.321,-0.092,0.919,0.989,1.446,0.37,-0.41,0.062,-0.217,0.884,
0.651,1.56,-0.017,0.032,-0.32,0.001,-0.947,0.585,1.24,0.217,-0.206,0.312,-0.092,0.923,0.999,1.458,0.377,-0.418,0.07,-0.226,0.877,
0.652,1.558,-0.014,0.029,-0.316,0.003,-0.948,0.583,1.236,0.218,-0.199,0.305,-0.09,0.927,1.009,1.468,0.383,-0.419,0.068,-0.248,0.871,
0.653,1.557,-0.011,0.029,-0.311,0.004,-0.95,0.582,1.231,0.218,-0.191,0.303,-0.087,0.93,1.016,1.476,0.387,-0.418,0.058,-0.273,0.864,
0.654,1.555,-0.008,0.029,-0.306,0.005,-0.952,0.581,1.226,0.218,-0.185,0.304,-0.086,0.931,1.02,1.482,0.388,-0.425,0.049,-0.286,0.857,
0.655,1.555,-0.006,0.028,-0.303,0.006,-0.953,0.581,1.221,0.218,-0.18,0.306,-0.085,0.931,1.022,1.487,0.388,-0.435,0.056,-0.28,0.854,
0.656,1.555,-0.004,0.026,-0.301,0.006,-0.953,0.58,1.216,0.217,-0.176,0.308,-0.087,0.931,1.02,1.489,0.386,-0.439,0.072,-0.252,0.859,
0.656,1.555,-0.002,0.025,-0.299,0.005,-0.954,0.58,1.211,0.217,-0.171,0.306,-0.091,0.932,1.017,1.488,0.383,-0.443,0.078,-0.232,0.863,
0.657,1.555,0,0.024,-0.297,0.005,-0.955,0.58,1.207,0.217,-0.167,0.301,-0.096,0.934,1.013,1.485,0.379,-0.45,0.076,-0.227,0.861,
0.656,1.555,0.002,0.022,-0.295,0.006,-0.955,0.58,1.202,0.216,-0.161,0.297,-0.102,0.936,1.01,1.479,0.375,-0.456,0.062,-0.24,0.855,
0.656,1.556,0.004,0.018,-0.294,0.005,-0.956,0.58,1.198,0.215,-0.157,0.294,-0.104,0.937,1.007,1.472,0.371,-0.46,0.045,-0.255,0.85,
0.655,1.557,0.005,0.015,-0.293,0.005,-0.956,0.58,1.195,0.213,-0.151,0.297,-0.104,0.937,1.001,1.458,0.366,-0.458,0.029,-0.268,0.847,
0.654,1.558,0.007,0.014,-0.291,0.005,-0.957,0.581,1.191,0.211,-0.144,0.303,-0.104,0.936,0.995,1.446,0.363,-0.456,0.023,-0.268,0.848,
0.654,1.561,0.008,0.017,-0.289,0.004,-0.957,0.581,1.189,0.209,-0.136,0.313,-0.104,0.934,0.991,1.433,0.361,-0.453,0.024,-0.264,0.851,
0.654,1.562,0.009,0.021,-0.287,0.001,-0.958,0.581,1.187,0.207,-0.131,0.319,-0.103,0.933,0.985,1.418,0.36,-0.444,0.032,-0.253,0.859,
0.654,1.563,0.01,0.025,-0.286,-0.001,-0.958,0.581,1.186,0.205,-0.129,0.323,-0.102,0.932,0.98,1.404,0.359,-0.437,0.033,-0.25,0.863,
0.653,1.564,0.011,0.028,-0.285,-0.002,-0.958,0.58,1.185,0.204,-0.127,0.323,-0.102,0.932,0.977,1.39,0.358,-0.434,0.029,-0.254,0.864,
0.652,1.564,0.012,0.029,-0.283,-0.001,-0.959,0.58,1.184,0.202,-0.125,0.323,-0.102,0.933,0.973,1.378,0.356,-0.434,0.023,-0.259,0.862,
0.652,1.564,0.012,0.03,-0.283,-0.001,-0.959,0.579,1.184,0.202,-0.12,0.323,-0.101,0.933,0.971,1.366,0.355,-0.433,0.015,-0.264,0.862,
0.651,1.565,0.013,0.033,-0.281,-0.002,-0.959,0.579,1.184,0.201,-0.115,0.324,-0.098,0.934,0.969,1.356,0.354,-0.43,0.011,-0.264,0.863,
0.651,1.565,0.014,0.036,-0.279,-0.004,-0.96,0.578,1.185,0.2,-0.113,0.327,-0.095,0.933,0.968,1.348,0.355,-0.427,0.017,-0.264,0.865,
0.65,1.565,0.015,0.039,-0.277,-0.004,-0.96,0.578,1.185,0.199,-0.112,0.331,-0.093,0.932,0.968,1.341,0.356,-0.424,0.025,-0.262,0.867,
0.649,1.565,0.015,0.039,-0.275,-0.004,-0.961,0.578,1.185,0.198,-0.113,0.335,-0.093,0.931,0.969,1.335,0.356,-0.422,0.03,-0.262,0.868,
0.649,1.565,0.016,0.039,-0.273,-0.003,-0.961,0.578,1.185,0.197,-0.117,0.338,-0.095,0.929,0.971,1.336,0.358,-0.425,0.032,-0.265,0.865,
0.648,1.565,0.017,0.039,-0.27,-0.004,-0.962,0.578,1.185,0.197,-0.12,0.341,-0.097,0.927,0.974,1.338,0.36,-0.427,0.029,-0.267,0.864,
0.648,1.566,0.017,0.041,-0.268,-0.004,-0.963,0.578,1.185,0.197,-0.122,0.343,-0.099,0.926,0.976,1.342,0.363,-0.427,0.027,-0.267,0.863,
0.647,1.566,0.018,0.042,-0.266,-0.005,-0.963,0.579,1.185,0.197,-0.121,0.345,-0.101,0.925,0.979,1.348,0.367,-0.43,0.027,-0.27,0.861,
0.647,1.565,0.019,0.042,-0.264,-0.006,-0.963,0.579,1.184,0.197,-0.12,0.346,-0.103,0.925,0.983,1.357,0.371,-0.433,0.03,-0.274,0.858,
0.646,1.564,0.02,0.04,-0.263,-0.006,-0.964,0.58,1.184,0.197,-0.12,0.347,-0.104,0.924,0.987,1.368,0.376,-0.432,0.037,-0.275,0.858,
0.646,1.564,0.02,0.036,-0.261,-0.005,-0.965,0.581,1.184,0.197,-0.12,0.347,-0.104,0.924,0.991,1.379,0.381,-0.43,0.048,-0.275,0.859,
0.645,1.564,0.021,0.033,-0.26,-0.005,-0.965,0.582,1.184,0.197,-0.121,0.348,-0.104,0.924,0.994,1.393,0.385,-0.429,0.052,-0.273,0.859,
0.644,1.564,0.022,0.03,-0.258,-0.005,-0.966,0.582,1.185,0.197,-0.122,0.35,-0.104,0.923,0.995,1.407,0.387,-0.434,0.043,-0.27,0.858,
0.643,1.563,0.022,0.027,-0.257,-0.004,-0.966,0.583,1.185,0.198,-0.124,0.351,-0.105,0.922,0.996,1.422,0.387,-0.446,0.032,-0.261,0.856,
0.642,1.563,0.023,0.025,-0.256,-0.004,-0.966,0.583,1.186,0.198,-0.126,0.351,-0.106,0.922,0.996,1.436,0.388,-0.455,0.024,-0.25,0.855,
0.641,1.563,0.024,0.024,-0.254,-0.005,-0.967,0.583,1.188,0.198,-0.129,0.35,-0.106,0.922,0.997,1.448,0.39,-0.459,0.019,-0.242,0.855,
0.64,1.562,0.025,0.023,-0.253,-0.006,-0.967,0.583,1.189,0.198,-0.133,0.348,-0.105,0.922,0.999,1.46,0.392,-0.461,0.019,-0.236,0.855,
0.638,1.562,0.026,0.021,-0.251,-0.008,-0.968,0.583,1.191,0.197,-0.137,0.347,-0.101,0.922,1.001,1.469,0.394,-0.459,0.029,-0.231,0.857,
0.637,1.561,0.027,0.021,-0.249,-0.009,-0.968,0.582,1.193,0.197,-0.14,0.347,-0.097,0.922,1.002,1.478,0.395,-0.457,0.041,-0.219,0.861,
0.635,1.56,0.029,0.021,-0.247,-0.01,-0.969,0.581,1.194,0.197,-0.143,0.347,-0.092,0.922,1.001,1.486,0.395,-0.459,0.041,-0.209,0.863,
0.633,1.559,0.03,0.022,-0.243,-0.012,-0.97,0.58,1.194,0.197,-0.144,0.347,-0.089,0.923,1,1.491,0.392,-0.468,0.037,-0.204,0.859,
0.631,1.558,0.032,0.023,-0.239,-0.015,-0.971,0.58,1.194,0.197,-0.146,0.345,-0.087,0.923,1,1.495,0.39,-0.477,0.033,-0.201,0.855,
0.628,1.557,0.034,0.023,-0.232,-0.017,-0.972,0.579,1.193,0.197,-0.147,0.343,-0.085,0.924,0.999,1.496,0.386,-0.482,0.028,-0.204,0.851,
0.625,1.556,0.035,0.023,-0.224,-0.019,-0.974,0.577,1.192,0.198,-0.149,0.34,-0.084,0.925,0.998,1.495,0.383,-0.486,0.025,-0.209,0.849,
0.621,1.556,0.037,0.021,-0.213,-0.019,-0.977,0.576,1.191,0.198,-0.15,0.338,-0.082,0.926,0.996,1.492,0.381,-0.487,0.023,-0.215,0.846,
0.617,1.556,0.039,0.021,-0.201,-0.019,-0.979,0.574,1.19,0.198,-0.15,0.336,-0.08,0.926,0.994,1.486,0.378,-0.487,0.025,-0.217,0.846,
0.613,1.556,0.04,0.022,-0.188,-0.02,-0.982,0.573,1.188,0.198,-0.147,0.334,-0.077,0.928,0.99,1.479,0.376,-0.482,0.029,-0.215,0.849,
0.608,1.557,0.042,0.023,-0.175,-0.021,-0.984,0.571,1.186,0.199,-0.144,0.332,-0.075,0.929,0.984,1.469,0.375,-0.476,0.024,-0.213,0.853,
0.604,1.558,0.044,0.023,-0.161,-0.024,-0.986,0.568,1.185,0.199,-0.141,0.329,-0.074,0.931,0.977,1.458,0.373,-0.47,0.014,-0.21,0.857,
0.598,1.558,0.045,0.024,-0.145,-0.027,-0.989,0.566,1.183,0.2,-0.139,0.326,-0.075,0.932,0.97,1.447,0.372,-0.462,0.009,-0.207,0.863,
0.593,1.559,0.047,0.025,-0.128,-0.028,-0.991,0.562,1.182,0.2,-0.139,0.321,-0.077,0.934,0.962,1.434,0.372,-0.449,0.007,-0.207,0.869,
0.587,1.56,0.049,0.025,-0.11,-0.027,-0.993,0.559,1.181,0.201,-0.138,0.317,-0.079,0.935,0.954,1.421,0.372,-0.433,0.006,-0.207,0.877,
0.582,1.561,0.05,0.025,-0.092,-0.027,-0.995,0.555,1.181,0.202,-0.136,0.313,-0.08,0.936,0.945,1.407,0.372,-0.42,0.005,-0.205,0.884,
0.577,1.562,0.052,0.024,-0.074,-0.027,-0.997,0.551,1.181,0.202,-0.133,0.31,-0.081,0.938,0.935,1.392,0.371,-0.405,0.003,-0.199,0.892,
0.571,1.563,0.053,0.022,-0.057,-0.028,-0.998,0.546,1.181,0.203,-0.13,0.306,-0.081,0.939,0.926,1.378,0.37,-0.393,0.001,-0.193,0.899,
0.566,1.564,0.053,0.02,-0.041,-0.03,-0.998,0.541,1.182,0.204,-0.128,0.301,-0.081,0.942,0.915,1.362,0.366,-0.384,-0.005,-0.188,0.904,
0.56,1.566,0.055,-0.02,0.025,0.032,0.999,0.536,1.183,0.205,-0.126,0.294,-0.08,0.944,0.904,1.347,0.363,-0.378,-0.011,-0.187,0.907,
0.554,1.567,0.056,-0.021,0.008,0.033,0.999,0.53,1.184,0.207,-0.124,0.288,-0.078,0.946,0.893,1.332,0.36,-0.367,-0.022,-0.19,0.91,
0.548,1.568,0.057,-0.023,-0.008,0.034,0.999,0.524,1.185,0.208,-0.122,0.28,-0.075,0.949,0.882,1.318,0.357,-0.352,-0.032,-0.194,0.915,
0.543,1.569,0.058,-0.024,-0.024,0.035,0.999,0.518,1.185,0.21,-0.12,0.272,-0.074,0.952,0.871,1.303,0.355,-0.331,-0.036,-0.197,0.922,
0.538,1.57,0.058,-0.024,-0.038,0.036,0.998,0.512,1.186,0.213,-0.119,0.263,-0.075,0.954,0.859,1.288,0.352,-0.312,-0.036,-0.196,0.929,
0.533,1.57,0.059,-0.024,-0.051,0.037,0.998,0.506,1.186,0.215,-0.118,0.254,-0.077,0.957,0.847,1.274,0.348,-0.3,-0.036,-0.194,0.933,
0.527,1.571,0.059,-0.023,-0.061,0.039,0.997,0.5,1.186,0.217,-0.116,0.243,-0.078,0.96,0.834,1.26,0.343,-0.291,-0.046,-0.193,0.936,
0.522,1.572,0.06,-0.024,-0.072,0.041,0.996,0.493,1.186,0.219,-0.114,0.234,-0.08,0.962,0.821,1.246,0.339,-0.277,-0.061,-0.193,0.939,
0.516,1.573,0.06,-0.027,-0.082,0.043,0.995,0.487,1.186,0.222,-0.112,0.224,-0.081,0.965,0.807,1.233,0.334,-0.255,-0.081,-0.194,0.944,
0.511,1.573,0.061,-0.029,-0.093,0.044,0.994,0.48,1.185,0.224,-0.11,0.215,-0.08,0.967,0.794,1.22,0.331,-0.234,-0.091,-0.194,0.948,
0.505,1.573,0.061,-0.03,-0.105,0.046,0.993,0.473,1.185,0.226,-0.107,0.206,-0.078,0.969,0.782,1.208,0.327,-0.214,-0.094,-0.194,0.953,
0.499,1.573,0.061,-0.03,-0.117,0.046,0.992,0.466,1.185,0.228,-0.106,0.197,-0.075,0.972,0.769,1.196,0.323,-0.196,-0.091,-0.2,0.956,
0.494,1.573,0.061,-0.03,-0.127,0.046,0.99,0.459,1.184,0.23,-0.104,0.188,-0.071,0.974,0.757,1.184,0.319,-0.176,-0.095,-0.208,0.958,
0.489,1.573,0.062,-0.03,-0.135,0.045,0.989,0.451,1.184,0.231,-0.102,0.18,-0.069,0.976,0.743,1.173,0.315,-0.155,-0.106,-0.208,0.96,
0.484,1.574,0.062,-0.03,-0.143,0.044,0.988,0.444,1.183,0.233,-0.099,0.172,-0.066,0.978,0.729,1.164,0.31,-0.137,-0.119,-0.198,0.963,
0.478,1.573,0.062,-0.031,-0.149,0.043,0.987,0.437,1.181,0.234,-0.096,0.165,-0.064,0.98,0.716,1.156,0.305,-0.125,-0.129,-0.184,0.966,
0.473,1.573,0.062,-0.03,-0.155,0.043,0.987,0.43,1.18,0.235,-0.092,0.158,-0.063,0.981,0.704,1.149,0.3,-0.12,-0.131,-0.171,0.969,
0.468,1.573,0.061,-0.027,-0.16,0.042,0.986,0.423,1.179,0.236,-0.089,0.152,-0.063,0.982,0.693,1.142,0.296,-0.115,-0.128,-0.168,0.971,
0.462,1.574,0.061,-0.026,-0.164,0.041,0.985,0.416,1.178,0.236,-0.087,0.147,-0.064,0.983,0.683,1.136,0.293,-0.103,-0.125,-0.18,0.97,
0.456,1.574,0.061,-0.025,-0.168,0.039,0.985,0.409,1.177,0.237,-0.086,0.143,-0.065,0.984,0.673,1.131,0.29,-0.085,-0.128,-0.205,0.967,
0.451,1.573,0.06,-0.024,-0.171,0.038,0.984,0.401,1.175,0.237,-0.084,0.14,-0.064,0.984,0.662,1.127,0.287,-0.069,-0.138,-0.227,0.962,
0.445,1.574,0.06,-0.022,-0.173,0.037,0.984,0.395,1.174,0.237,-0.082,0.138,-0.063,0.985,0.651,1.124,0.284,-0.061,-0.147,-0.238,0.958,
0.439,1.574,0.06,-0.021,-0.175,0.037,0.984,0.388,1.173,0.237,-0.08,0.137,-0.062,0.985,0.64,1.122,0.28,-0.056,-0.155,-0.239,0.957,
0.433,1.574,0.059,-0.021,-0.177,0.037,0.983,0.381,1.172,0.238,-0.078,0.136,-0.063,0.986,0.628,1.122,0.276,-0.057,-0.163,-0.228,0.958,
0.427,1.574,0.059,-0.02,-0.179,0.035,0.983,0.374,1.171,0.238,-0.077,0.135,-0.065,0.986,0.615,1.122,0.273,-0.055,-0.17,-0.219,0.959,
0.421,1.574,0.058,-0.019,-0.181,0.034,0.983,0.367,1.17,0.238,-0.076,0.133,-0.067,0.986,0.604,1.121,0.27,-0.049,-0.18,-0.211,0.96,
0.416,1.574,0.057,-0.018,-0.181,0.033,0.983,0.361,1.17,0.238,-0.076,0.132,-0.071,0.986,0.592,1.121,0.268,-0.043,-0.191,-0.204,0.959,
0.409,1.575,0.057,-0.017,-0.181,0.034,0.983,0.354,1.169,0.238,-0.077,0.13,-0.074,0.986,0.581,1.122,0.267,-0.037,-0.2,-0.197,0.959,
0.403,1.575,0.056,-0.018,-0.181,0.034,0.983,0.347,1.169,0.239,-0.076,0.129,-0.076,0.986,0.571,1.122,0.266,-0.036,-0.204,-0.191,0.96,
0.397,1.576,0.055,-0.018,-0.182,0.035,0.983,0.34,1.17,0.239,-0.077,0.127,-0.076,0.986,0.562,1.124,0.265,-0.038,-0.202,-0.187,0.961,
0.39,1.576,0.055,-0.018,-0.182,0.035,0.982,0.333,1.17,0.239,-0.079,0.124,-0.074,0.986,0.554,1.126,0.265,-0.04,-0.199,-0.189,0.961,
0.384,1.576,0.054,-0.018,-0.183,0.036,0.982,0.326,1.171,0.239,-0.08,0.12,-0.072,0.987,0.545,1.128,0.265,-0.04,-0.201,-0.193,0.96,
0.377,1.577,0.053,-0.019,-0.184,0.037,0.982,0.318,1.172,0.24,-0.081,0.117,-0.07,0.987,0.537,1.131,0.264,-0.042,-0.209,-0.199,0.956,
0.371,1.577,0.053,-0.019,-0.184,0.038,0.982,0.311,1.173,0.24,-0.082,0.113,-0.07,0.988,0.528,1.134,0.264,-0.044,-0.218,-0.201,0.954,
0.365,1.577,0.052,-0.018,-0.185,0.038,0.982,0.304,1.174,0.24,-0.082,0.11,-0.07,0.988,0.52,1.137,0.263,-0.047,-0.226,-0.198,0.952,
0.358,1.577,0.051,-0.018,-0.187,0.038,0.982,0.297,1.175,0.241,-0.084,0.105,-0.07,0.988,0.512,1.14,0.263,-0.052,-0.232,-0.192,0.952,
0.352,1.577,0.051,-0.017,-0.187,0.037,0.981,0.29,1.175,0.241,-0.084,0.101,-0.071,0.989,0.504,1.143,0.264,-0.055,-0.234,-0.184,0.953,
0.346,1.577,0.05,-0.017,-0.188,0.036,0.981,0.282,1.176,0.241,-0.085,0.097,-0.07,0.989,0.497,1.146,0.264,-0.057,-0.234,-0.177,0.954,
0.34,1.577,0.049,-0.016,-0.189,0.036,0.981,0.275,1.177,0.241,-0.086,0.093,-0.069,0.99,0.489,1.149,0.265,-0.06,-0.234,-0.172,0.955,
0.334,1.578,0.049,-0.016,-0.189,0.036,0.981,0.269,1.178,0.24,-0.086,0.091,-0.067,0.99,0.482,1.152,0.265,-0.063,-0.238,-0.169,0.954,
0.328,1.578,0.048,-0.015,-0.19,0.035,0.981,0.262,1.179,0.24,-0.088,0.088,-0.066,0.99,0.475,1.155,0.266,-0.066,-0.242,-0.167,0.953,
0.322,1.579,0.048,-0.015,-0.19,0.034,0.981,0.255,1.18,0.239,-0.09,0.086,-0.064,0.99,0.468,1.157,0.266,-0.069,-0.247,-0.166,0.952,
0.316,1.579,0.047,-0.014,-0.189,0.032,0.981,0.248,1.181,0.238,-0.091,0.084,-0.063,0.99,0.461,1.16,0.267,-0.072,-0.25,-0.165,0.951,
0.31,1.578,0.047,-0.013,-0.188,0.031,0.981,0.241,1.181,0.237,-0.092,0.082,-0.062,0.991,0.454,1.162,0.267,-0.073,-0.253,-0.164,0.951,
0.305,1.578,0.046,-0.012,-0.187,0.031,0.982,0.235,1.182,0.236,-0.092,0.08,-0.061,0.991,0.448,1.164,0.268,-0.073,-0.254,-0.163,0.951,
0.299,1.578,0.045,-0.01,-0.187,0.032,0.982,0.229,1.182,0.235,-0.091,0.078,-0.059,0.991,0.441,1.166,0.269,-0.074,-0.253,-0.16,0.951,
0.293,1.578,0.045,-0.008,-0.186,0.032,0.982,0.222,1.182,0.235,-0.091,0.076,-0.058,0.991,0.434,1.168,0.27,-0.076,-0.254,-0.157,0.952,
0.288,1.578,0.044,-0.008,-0.186,0.032,0.982,0.216,1.182,0.233,-0.092,0.074,-0.056,0.991,0.428,1.169,0.27,-0.076,-0.254,-0.152,0.952,
0.282,1.578,0.044,-0.007,-0.186,0.032,0.982,0.21,1.181,0.232,-0.092,0.073,-0.056,0.991,0.421,1.17,0.27,-0.076,-0.254,-0.147,0.953,
0.277,1.577,0.043,-0.007,-0.185,0.032,0.982,0.204,1.18,0.231,-0.092,0.073,-0.056,0.992,0.415,1.172,0.27,-0.079,-0.254,-0.142,0.953,
0.272,1.577,0.043,-0.007,-0.185,0.032,0.982,0.199,1.179,0.23,-0.091,0.072,-0.057,0.992,0.409,1.174,0.269,-0.083,-0.255,-0.139,0.953,
0.267,1.577,0.043,-0.007,-0.185,0.032,0.982,0.193,1.178,0.23,-0.09,0.071,-0.057,0.992,0.404,1.175,0.269,-0.084,-0.255,-0.14,0.953,
0.262,1.576,0.042,-0.007,-0.185,0.032,0.982,0.188,1.177,0.229,-0.089,0.069,-0.057,0.992,0.399,1.176,0.268,-0.086,-0.256,-0.143,0.952,
0.257,1.576,0.042,-0.006,-0.185,0.031,0.982,0.182,1.175,0.229,-0.088,0.066,-0.057,0.992,0.393,1.178,0.267,-0.089,-0.258,-0.145,0.951,
0.252,1.575,0.042,-0.005,-0.185,0.031,0.982,0.177,1.174,0.228,-0.085,0.064,-0.056,0.993,0.388,1.179,0.266,-0.09,-0.26,-0.147,0.95,
0.248,1.575,0.041,-0.003,-0.184,0.031,0.982,0.172,1.172,0.228,-0.082,0.062,-0.054,0.993,0.383,1.179,0.265,-0.091,-0.261,-0.149,0.949,
0.243,1.574,0.041,-0.002,-0.184,0.031,0.982,0.167,1.171,0.227,-0.079,0.06,-0.052,0.994,0.378,1.18,0.264,-0.093,-0.261,-0.149,0.949,
0.239,1.574,0.041,-0.001,-0.183,0.03,0.983,0.162,1.17,0.227,-0.077,0.059,-0.051,0.994,0.373,1.18,0.262,-0.094,-0.263,-0.151,0.948,
0.235,1.573,0.04,-0.001,-0.183,0.029,0.983,0.158,1.169,0.226,-0.074,0.058,-0.05,0.994,0.368,1.181,0.261,-0.095,-0.265,-0.152,0.948,
0.231,1.572,0.04,-0.001,-0.183,0.029,0.983,0.154,1.168,0.225,-0.072,0.058,-0.049,0.994,0.363,1.18,0.259,-0.095,-0.266,-0.153,0.947,
0.228,1.571,0.04,-0.001,-0.183,0.029,0.983,0.15,1.167,0.224,-0.072,0.058,-0.049,0.995,0.359,1.18,0.258,-0.096,-0.266,-0.153,0.947,
0.224,1.571,0.039,0,-0.183,0.029,0.983,0.146,1.166,0.223,-0.072,0.059,-0.048,0.995,0.355,1.18,0.256,-0.096,-0.266,-0.154,0.947,
0.221,1.57,0.039,0,-0.183,0.029,0.983,0.143,1.165,0.222,-0.072,0.06,-0.048,0.994,0.351,1.179,0.255,-0.097,-0.265,-0.154,0.947,
0.217,1.57,0.039,-0.001,-0.184,0.03,0.983,0.139,1.165,0.222,-0.072,0.062,-0.048,0.994,0.347,1.178,0.253,-0.097,-0.264,-0.152,0.948,
0.215,1.569,0.038,-0.001,-0.184,0.03,0.983,0.136,1.164,0.221,-0.071,0.063,-0.049,0.994,0.343,1.177,0.251,-0.098,-0.263,-0.15,0.948,
0.212,1.568,0.038,-0.002,-0.184,0.029,0.983,0.133,1.163,0.221,-0.071,0.065,-0.052,0.994,0.34,1.175,0.249,-0.098,-0.263,-0.148,0.948,
0.209,1.567,0.038,-0.002,-0.184,0.029,0.983,0.131,1.162,0.221,-0.07,0.065,-0.055,0.994,0.336,1.174,0.248,-0.098,-0.264,-0.146,0.948,
